n,type,rep,greedy_len,greedy_time,christo_len,christo_time,opt_len,opt_time,lb
10,random,0,3.145922,0.000031,3.172754,0.002665,2.889901,0.007058,2.187541
10,random,1,2.505181,0.000054,2.308213,0.001538,2.245858,0.006449,1.805950
10,random,2,3.273699,0.000053,3.122373,0.001076,3.009415,0.006037,1.732136
10,random,3,3.959877,0.000071,3.283595,0.001281,3.283595,0.006230,2.326237
10,random,4,2.367422,0.000054,2.250797,0.001335,2.198996,0.006113,1.446434
10,random,5,2.580946,0.000034,2.580946,0.000605,2.580946,0.006179,2.143655
10,random,6,3.104693,0.000052,2.647922,0.000994,2.545651,0.006043,1.704920
10,random,7,2.524033,0.000028,2.389617,0.000918,2.279998,0.006127,1.502879
10,random,8,3.539935,0.000050,3.384856,0.001457,3.085853,0.006094,2.383331
10,random,9,3.402725,0.000029,3.279288,0.001268,2.895370,0.005978,2.207331
10,random,10,2.907690,0.000051,2.591977,0.001238,2.545358,0.006149,1.663865
10,random,11,3.389846,0.000050,3.557366,0.000734,3.318718,0.005910,2.203422
10,random,12,3.578098,0.000051,3.358746,0.001306,3.168426,0.060292,2.291855
10,random,13,2.714689,0.000029,2.567820,0.000690,2.567820,0.005986,1.757136
10,random,14,3.558843,0.000049,3.663092,0.001472,3.325228,0.006199,2.614657
10,random,15,3.072753,0.000053,2.730205,0.001104,2.730205,0.005948,1.878261
10,random,16,3.012645,0.000059,3.037352,0.001267,2.820145,0.006216,1.783665
10,random,17,2.578328,0.000029,2.529859,0.000910,2.306150,0.006124,1.509493
10,random,18,3.918071,0.000042,3.002212,0.000826,3.002212,0.006731,2.118003
10,random,19,3.122130,0.000036,3.260792,0.000828,3.122130,0.006732,2.376348
10,random,20,3.517138,0.000029,3.143462,0.000776,3.096715,0.006313,2.407108
10,random,21,3.746981,0.000028,3.531367,0.000852,3.304528,0.006893,2.098553
10,random,22,3.511972,0.000032,3.565959,0.001229,3.359983,0.006781,2.213657
10,random,23,2.736826,0.000036,2.707065,0.001790,2.487953,0.007601,1.592355
10,random,24,2.975715,0.000055,2.560636,0.001023,2.526711,0.006597,1.806889
10,random,25,2.561240,0.000037,2.418930,0.000652,2.285122,0.006509,1.637729
10,random,26,3.675958,0.000056,3.534515,0.001986,3.148098,0.006214,2.254797
10,random,27,3.218514,0.000043,3.118557,0.000831,3.118557,0.006273,2.419999
10,random,28,2.598622,0.000030,3.046331,0.000791,2.598622,0.006308,2.132461
10,random,29,3.090138,0.000031,3.019312,0.000713,3.019312,0.006450,2.236267
10,random,30,3.209077,0.000036,2.569961,0.001143,2.542787,0.007166,1.726751
10,random,31,2.665317,0.000029,2.782059,0.000753,2.665317,0.006236,2.090156
10,random,32,3.605900,0.000030,3.352880,0.001110,3.223765,0.006975,2.374089
10,random,33,4.038468,0.000056,3.617710,0.000777,3.223828,0.006240,2.262824
10,random,34,2.447125,0.000049,2.592677,0.001095,2.447125,0.006527,1.764829
10,random,35,2.721563,0.000056,2.391866,0.000873,2.269221,0.006180,1.774683
10,random,36,3.753081,0.000027,3.450546,0.000634,3.227440,0.006266,2.225529
10,random,37,2.505865,0.000053,2.465941,0.001505,2.317142,0.005990,1.531225
10,random,38,3.000215,0.000050,3.036545,0.001454,2.933269,0.006469,2.150103
10,random,39,3.929717,0.000050,3.998301,0.001341,3.654972,0.006057,2.420734
10,random,40,3.685540,0.000054,3.945313,0.001443,3.283286,0.006517,2.494327
10,random,41,3.615326,0.000027,3.464360,0.000788,3.221278,0.006063,2.361753
10,random,42,2.743577,0.000076,2.789165,0.001525,2.644704,0.006172,1.983639
10,random,43,4.040270,0.000050,3.490841,0.001408,3.283967,0.005995,2.445538
10,random,44,2.981639,0.000029,2.884461,0.000693,2.840806,0.006201,2.102770
10,random,45,3.858472,0.000051,3.004283,0.001251,2.927182,0.006140,2.416367
10,random,46,3.600358,0.000054,3.584945,0.000910,3.110436,0.006117,2.272702
10,random,47,3.524117,0.000051,3.257947,0.001436,2.954643,0.006216,2.161984
10,random,48,2.497855,0.000027,2.497855,0.000664,2.414628,0.006161,1.917297
10,random,49,3.184278,0.000050,2.977032,0.001618,2.670740,0.006177,1.806042
10,clustered,0,2.080587,0.000027,1.977877,0.000715,1.879995,0.006068,1.118786
10,clustered,1,1.480929,0.000049,1.510010,0.001020,1.472333,0.006206,0.981116
10,clustered,2,2.089498,0.000028,2.014526,0.000949,1.953525,0.006226,1.092765
10,clustered,3,1.651448,0.000048,1.544808,0.001026,1.527414,0.006507,0.977644
10,clustered,4,1.245878,0.000028,1.292610,0.000689,1.245878,0.006078,0.797878
10,clustered,5,2.273984,0.000050,2.077774,0.001293,2.066397,0.006652,1.280194
10,clustered,6,2.006884,0.000049,1.980730,0.000682,1.980730,0.006078,1.288492
10,clustered,7,1.440405,0.000049,1.444451,0.001165,1.411344,0.006173,0.822695
10,clustered,8,1.496019,0.000053,1.293486,0.001524,1.248454,0.006159,0.755919
10,clustered,9,1.764516,0.000070,1.694860,0.001508,1.685097,0.006100,0.996926
10,clustered,10,0.906731,0.000049,0.906731,0.001057,0.903048,0.006323,0.533506
10,clustered,11,2.517533,0.000027,2.530210,0.000892,2.447047,0.006089,1.448753
10,clustered,12,2.279162,0.000048,2.227572,0.001111,2.190795,0.006598,1.334093
10,clustered,13,1.946235,0.000026,1.582882,0.000790,1.490403,0.006025,0.982859
10,clustered,14,1.824789,0.000049,1.837164,0.001201,1.823906,0.006332,1.200365
10,clustered,15,1.452488,0.000027,1.335687,0.000879,1.292690,0.006151,0.765041
10,clustered,16,2.371260,0.000026,2.361678,0.000681,2.353171,0.006334,1.373744
10,clustered,17,2.254565,0.000026,2.152955,0.000884,1.965830,0.006043,1.231084
10,clustered,18,1.400627,0.000049,1.311176,0.001327,1.286894,0.006164,0.804945
10,clustered,19,2.646771,0.000030,2.610653,0.000882,2.567978,0.006096,1.498172
10,clustered,20,1.677501,0.000049,1.697488,0.001198,1.562444,0.006129,1.013230
10,clustered,21,1.960294,0.000029,1.939335,0.000649,1.854435,0.006019,1.112461
10,clustered,22,1.660636,0.000048,1.660636,0.001087,1.594001,0.007763,0.982274
10,clustered,23,2.432739,0.000028,2.375514,0.000737,2.358731,0.006304,1.460570
10,clustered,24,1.841642,0.000040,1.950899,0.000973,1.841326,0.006231,1.263351
10,clustered,25,1.222840,0.000027,1.238066,0.000709,1.188830,0.006479,0.683148
10,clustered,26,2.309152,0.000028,2.310635,0.000787,2.280278,0.006274,1.199627
10,clustered,27,2.060892,0.000027,2.059650,0.000885,1.997758,0.006300,1.203333
10,clustered,28,2.036933,0.000028,1.953993,0.000870,1.953993,0.006051,1.221695
10,clustered,29,2.662764,0.000049,2.553762,0.001018,2.551566,0.006473,1.625407
10,clustered,30,1.437446,0.000026,1.361281,0.000985,1.327062,0.006144,0.870906
10,clustered,31,0.799715,0.000052,0.732777,0.000946,0.732777,0.006102,0.477922
10,clustered,32,2.110030,0.000030,1.978334,0.001144,1.978334,0.006064,1.219691
10,clustered,33,1.493550,0.000048,1.320284,0.001166,1.279540,0.006167,0.878953
10,clustered,34,1.948488,0.000049,1.955201,0.001338,1.902709,0.006065,1.058578
10,clustered,35,2.087026,0.000049,2.003982,0.001735,1.989398,0.006652,1.265528
10,clustered,36,1.435061,0.000028,1.383723,0.000744,1.350944,0.006077,0.890824
10,clustered,37,2.811173,0.000039,2.680346,0.001210,2.660726,0.006289,1.702658
10,clustered,38,1.166453,0.000049,1.197262,0.001043,1.136503,0.006130,0.737329
10,clustered,39,1.666055,0.000029,1.550363,0.000713,1.550363,0.006048,0.978630
10,clustered,40,2.297930,0.000049,2.246558,0.001138,2.223207,0.006349,1.207039
10,clustered,41,1.111422,0.000027,1.111422,0.000707,1.096633,0.006059,0.622551
10,clustered,42,2.022566,0.000049,1.787949,0.001145,1.730028,0.006223,1.046534
10,clustered,43,2.213380,0.000026,2.152285,0.000598,2.077726,0.006160,1.200475
10,clustered,44,1.110529,0.000050,1.005872,0.001101,0.974738,0.006388,0.595070
10,clustered,45,1.865494,0.000026,1.865494,0.000622,1.865494,0.006072,1.406563
10,clustered,46,1.330575,0.000050,1.286418,0.000827,1.195317,0.006181,0.757755
10,clustered,47,2.835844,0.000027,2.641448,0.000862,2.555927,0.006131,1.659669
10,clustered,48,1.549082,0.000049,1.471653,0.000721,1.468432,0.006357,0.828775
10,clustered,49,1.937433,0.000048,1.827930,0.001370,1.823166,0.006058,1.068569
20,random,0,4.191408,0.000132,3.825252,0.002924,,,2.534195
20,random,1,4.342071,0.000068,3.707208,0.001676,,,2.845354
20,random,2,5.288753,0.000064,4.561487,0.002550,,,3.550366
20,random,3,4.639682,0.000063,4.015570,0.001682,,,2.710136
20,random,4,3.965443,0.000171,3.765726,0.002647,,,2.550258
20,random,5,4.425463,0.000065,4.057555,0.002089,,,2.908165
20,random,6,4.534338,0.000065,4.183096,0.002819,,,2.773965
20,random,7,4.886226,0.000141,4.775500,0.002241,,,3.519555
20,random,8,4.521369,0.000068,3.936597,0.001488,,,2.968211
20,random,9,4.689521,0.000138,4.189716,0.001606,,,3.147551
20,random,10,3.573754,0.000132,3.637945,0.001797,,,3.239749
20,random,11,5.263030,0.000097,4.778116,0.002289,,,3.576832
20,random,12,4.746906,0.000133,4.487911,0.001631,,,3.061506
20,random,13,5.082879,0.000069,4.818535,0.002136,,,3.219806
20,random,14,4.438887,0.000067,3.934316,0.002053,,,3.000548
20,random,15,4.489807,0.000180,4.289471,0.002255,,,2.823725
20,random,16,3.511433,0.000065,3.593955,0.002414,,,2.683080
20,random,17,4.942943,0.000068,4.273067,0.001712,,,3.156543
20,random,18,4.777344,0.000135,4.879927,0.001825,,,3.415738
20,random,19,5.303091,0.000067,4.458927,0.003088,,,3.140595
20,random,20,4.613397,0.000129,4.270344,0.001323,,,3.115513
20,random,21,3.840041,0.000066,3.750651,0.001991,,,2.656653
20,random,22,4.192206,0.000104,4.203352,0.001994,,,3.153998
20,random,23,4.955392,0.000066,4.375557,0.002436,,,3.088819
20,random,24,4.533784,0.000134,3.896027,0.001317,,,2.837164
20,random,25,4.242380,0.000131,3.852284,0.001561,,,3.122703
20,random,26,3.899120,0.000072,3.829887,0.002000,,,2.734430
20,random,27,4.125165,0.000134,3.877938,0.001743,,,2.819888
20,random,28,4.110410,0.000065,3.802633,0.001361,,,3.126149
20,random,29,4.080018,0.000065,3.849104,0.002389,,,3.087816
20,random,30,4.206662,0.000066,3.683657,0.002144,,,2.580755
20,random,31,4.712029,0.000148,4.224018,0.001581,,,3.207999
20,random,32,4.105516,0.000111,3.935131,0.001387,,,3.258262
20,random,33,3.132664,0.000078,2.941762,0.001565,,,2.500473
20,random,34,4.445772,0.000066,3.994250,0.001326,,,2.974728
20,random,35,4.444949,0.000066,4.150486,0.001678,,,2.906832
20,random,36,4.441692,0.000130,4.899689,0.002153,,,3.322726
20,random,37,5.112439,0.000176,4.688402,0.001511,,,3.142375
20,random,38,4.462378,0.000133,4.355099,0.002600,,,3.194610
20,random,39,6.013929,0.000065,5.050925,0.001601,,,3.584238
20,random,40,5.019369,0.000064,4.079918,0.002393,,,2.840024
20,random,41,4.487724,0.000167,4.662829,0.002608,,,3.288816
20,random,42,4.634787,0.000131,4.151383,0.002911,,,3.011512
20,random,43,4.453965,0.000191,4.012677,0.001730,,,2.675976
20,random,44,4.161009,0.000072,3.994924,0.001753,,,2.684038
20,random,45,4.581681,0.000068,4.341635,0.001570,,,3.157997
20,random,46,5.147192,0.000131,4.111477,0.002183,,,3.000784
20,random,47,3.947004,0.000162,3.901880,0.001427,,,2.711759
20,random,48,5.862194,0.000072,4.689442,0.002097,,,3.496365
20,random,49,4.776769,0.000084,4.560395,0.001680,,,3.261572
20,clustered,0,2.484323,0.000064,2.376727,0.001467,,,1.423869
20,clustered,1,1.789572,0.000083,1.758458,0.004301,,,1.149531
20,clustered,2,2.778136,0.000068,2.930487,0.002395,,,1.800012
20,clustered,3,2.360988,0.000069,2.334158,0.002206,,,1.422314
20,clustered,4,2.037634,0.000070,2.057662,0.001716,,,1.395261
20,clustered,5,3.099829,0.000063,2.869621,0.002101,,,1.861874
20,clustered,6,3.144807,0.000064,3.087593,0.001222,,,2.109978
20,clustered,7,2.690417,0.000063,2.427006,0.001706,,,1.440000
20,clustered,8,2.712696,0.000089,2.619735,0.001410,,,1.719227
20,clustered,9,2.736728,0.000073,2.460033,0.002172,,,1.610002
20,clustered,10,2.078817,0.000063,1.961402,0.002226,,,1.269879
20,clustered,11,2.004479,0.000076,2.027428,0.002813,,,1.280346
20,clustered,12,2.552108,0.000068,2.174110,0.001447,,,1.543879
20,clustered,13,2.136082,0.000063,1.974743,0.001813,,,1.170969
20,clustered,14,2.637520,0.000063,2.624201,0.001741,,,1.419910
20,clustered,15,2.357628,0.000067,2.335759,0.001734,,,1.366185
20,clustered,16,2.703307,0.000064,2.722466,0.002556,,,1.645115
20,clustered,17,2.662334,0.000063,2.465203,0.001691,,,1.426870
20,clustered,18,1.458159,0.000133,1.282900,0.002262,,,0.799288
20,clustered,19,2.754483,0.000065,2.457054,0.001752,,,1.493418
20,clustered,20,3.413810,0.000090,3.329702,0.001727,,,2.010755
20,clustered,21,2.429471,0.000095,2.198104,0.001926,,,1.533411
20,clustered,22,1.870180,0.000069,1.791773,0.002718,,,1.247913
20,clustered,23,2.142558,0.000063,1.952983,0.001758,,,1.240047
20,clustered,24,1.809081,0.000063,1.914115,0.003994,,,1.216680
20,clustered,25,3.009899,0.000070,3.065283,0.002304,,,1.818097
20,clustered,26,2.303306,0.000063,2.079448,0.001684,,,1.394375
20,clustered,27,2.488140,0.000103,2.234660,0.001475,,,1.427069
20,clustered,28,1.863989,0.000076,1.952724,0.002082,,,1.164306
20,clustered,29,2.459527,0.000063,2.346111,0.001687,,,1.650081
20,clustered,30,3.302073,0.000062,2.974382,0.001422,,,2.013922
20,clustered,31,2.008271,0.000100,1.684894,0.001915,,,1.021688
20,clustered,32,2.298079,0.000064,2.371093,0.002201,,,1.428662
20,clustered,33,2.191319,0.000064,2.109433,0.001440,,,1.206761
20,clustered,34,2.054074,0.000063,1.903310,0.001760,,,1.186781
20,clustered,35,2.508808,0.000063,2.506428,0.001443,,,1.552214
20,clustered,36,2.863934,0.000089,2.824730,0.001303,,,1.907285
20,clustered,37,2.010243,0.000064,1.773622,0.002108,,,1.063507
20,clustered,38,1.933403,0.000110,1.781949,0.001974,,,1.095786
20,clustered,39,1.616920,0.000070,1.533244,0.002781,,,1.080841
20,clustered,40,2.586863,0.000067,2.610440,0.002145,,,1.586791
20,clustered,41,1.913290,0.000103,1.687415,0.002593,,,1.123896
20,clustered,42,2.421229,0.000073,2.382262,0.002340,,,1.438800
20,clustered,43,2.717421,0.000069,2.517116,0.002402,,,1.471399
20,clustered,44,1.852635,0.000067,1.771472,0.003641,,,1.131603
20,clustered,45,2.055425,0.000064,2.114341,0.002815,,,1.205747
20,clustered,46,2.902156,0.000063,2.522357,0.001788,,,1.460049
20,clustered,47,2.338509,0.000064,2.276091,0.003584,,,1.492893
20,clustered,48,1.397260,0.000072,1.417616,0.001756,,,1.051868
20,clustered,49,2.195953,0.000063,2.164642,0.001454,,,1.212698
50,random,0,6.595043,0.000285,5.711845,0.011595,,,4.609020
50,random,1,6.667955,0.000292,7.086846,0.016424,,,5.202291
50,random,2,7.657147,0.000284,6.810245,0.008263,,,5.013604
50,random,3,8.059776,0.000280,6.922182,0.014991,,,5.358841
50,random,4,6.555892,0.000279,6.205389,0.010894,,,4.809083
50,random,5,8.802181,0.000292,6.305396,0.009946,,,4.944051
50,random,6,7.372505,0.000293,6.379673,0.007795,,,5.020863
50,random,7,7.561431,0.000280,6.624237,0.012264,,,4.847868
50,random,8,7.214227,0.000293,6.466571,0.017227,,,5.028023
50,random,9,6.640044,0.000286,6.391723,0.015398,,,4.745691
50,random,10,7.690841,0.000287,6.389819,0.010968,,,5.076304
50,random,11,6.696469,0.000281,5.852148,0.014985,,,4.216128
50,random,12,6.950374,0.000288,6.866740,0.012732,,,5.094824
50,random,13,7.210593,0.000283,6.740304,0.011774,,,5.248660
50,random,14,7.299708,0.000284,6.721815,0.011240,,,5.025451
50,random,15,6.785713,0.000302,6.173428,0.010236,,,4.722189
50,random,16,7.527335,0.000289,6.947158,0.009882,,,5.180266
50,random,17,8.409930,0.000293,6.838205,0.011911,,,5.244383
50,random,18,6.452964,0.000283,6.231390,0.009070,,,4.889056
50,random,19,7.416913,0.000278,6.549441,0.013854,,,4.819985
50,random,20,6.938527,0.000277,5.922351,0.007216,,,4.997221
50,random,21,7.131300,0.000271,5.869439,0.010151,,,4.693801
50,random,22,7.154275,0.000275,6.544319,0.010621,,,4.896619
50,random,23,6.923837,0.000288,7.067048,0.019006,,,5.030401
50,random,24,6.713733,0.000280,6.188348,0.013721,,,4.612126
50,random,25,7.123142,0.000286,5.909138,0.010893,,,4.595614
50,random,26,6.418816,0.000276,6.064690,0.008988,,,4.624630
50,random,27,6.571440,0.000286,6.323182,0.010395,,,4.794097
50,random,28,6.216086,0.000276,5.617898,0.009239,,,4.445906
50,random,29,7.189506,0.000278,5.859673,0.009697,,,4.466237
50,random,30,6.841246,0.000276,6.524272,0.010119,,,4.873381
50,random,31,6.598912,0.000275,6.142666,0.008172,,,4.853100
50,random,32,6.778202,0.000277,5.961184,0.011790,,,4.443050
50,random,33,7.434538,0.000288,6.584713,0.013429,,,5.087058
50,random,34,7.108320,0.000278,6.298588,0.012719,,,4.756465
50,random,35,7.080353,0.000279,6.356317,0.012032,,,4.872525
50,random,36,7.362695,0.000274,6.575101,0.009791,,,5.141311
50,random,37,7.147422,0.000283,6.410439,0.016644,,,4.691331
50,random,38,7.986546,0.000286,6.569735,0.009170,,,5.002096
50,random,39,7.157497,0.000271,6.232888,0.014611,,,4.488124
50,random,40,6.395577,0.000287,6.007753,0.012593,,,4.764675
50,random,41,7.457699,0.000286,6.304121,0.014670,,,4.784803
50,random,42,7.185223,0.000275,6.137179,0.010866,,,4.659293
50,random,43,7.250082,0.000284,6.540589,0.012522,,,4.904167
50,random,44,7.172834,0.000286,6.493004,0.009466,,,4.839324
50,random,45,5.974555,0.000281,6.446008,0.008814,,,4.858295
50,random,46,7.578541,0.000280,7.146831,0.013215,,,5.238297
50,random,47,6.436236,0.000281,6.415874,0.018709,,,4.871287
50,random,48,7.099018,0.000290,6.427678,0.010851,,,5.024941
50,random,49,6.269718,0.000282,6.111560,0.016373,,,4.525044
50,clustered,0,3.693927,0.000283,2.636959,0.010761,,,1.794718
50,clustered,1,2.442640,0.000279,2.301428,0.013124,,,1.546238
50,clustered,2,4.070378,0.000278,3.617062,0.014547,,,2.423796
50,clustered,3,4.414438,0.000274,3.336727,0.013175,,,2.182610
50,clustered,4,3.578656,0.000290,3.273138,0.015189,,,2.164251
50,clustered,5,3.061523,0.000282,2.912428,0.022320,,,1.966929
50,clustered,6,2.032720,0.000276,1.717339,0.012578,,,1.225474
50,clustered,7,4.154029,0.000277,3.486942,0.010102,,,2.195464
50,clustered,8,2.714672,0.000283,2.414373,0.008560,,,1.622472
50,clustered,9,3.697575,0.000293,3.223567,0.010526,,,2.223588
50,clustered,10,2.985322,0.000286,2.569175,0.013741,,,1.807533
50,clustered,11,3.331128,0.000278,3.111849,0.010257,,,2.011674
50,clustered,12,3.013199,0.000263,2.707051,0.008699,,,1.820070
50,clustered,13,3.987495,0.000278,3.426089,0.007278,,,2.159728
50,clustered,14,3.869373,0.000273,3.355403,0.008328,,,2.241251
50,clustered,15,3.688530,0.000302,2.878551,0.011817,,,1.962785
50,clustered,16,2.986829,0.000278,2.693643,0.017902,,,1.867131
50,clustered,17,3.257558,0.000277,2.789949,0.016285,,,1.989558
50,clustered,18,3.484840,0.000278,3.363002,0.013457,,,2.210448
50,clustered,19,3.328399,0.000277,2.859781,0.016964,,,1.942105
50,clustered,20,3.555011,0.000280,3.388211,0.009839,,,2.294203
50,clustered,21,2.607377,0.000274,2.404562,0.018523,,,1.700715
50,clustered,22,3.994772,0.000287,3.668115,0.012028,,,2.374616
50,clustered,23,1.613550,0.000268,1.641440,0.012223,,,1.274147
50,clustered,24,3.701175,0.000282,3.462713,0.018839,,,2.294594
50,clustered,25,2.880486,0.000279,2.355090,0.016423,,,1.716634
50,clustered,26,3.504896,0.000419,3.116062,0.012658,,,2.173381
50,clustered,27,3.310990,0.000274,3.064377,0.017735,,,2.144782
50,clustered,28,3.171304,0.000284,2.716908,0.010974,,,1.826862
50,clustered,29,3.853828,0.000276,3.482735,0.008653,,,2.308553
50,clustered,30,2.724158,0.000276,2.267978,0.010378,,,1.522686
50,clustered,31,3.466722,0.000280,2.931138,0.011639,,,1.959258
50,clustered,32,2.752404,0.000283,2.593359,0.010398,,,1.855137
50,clustered,33,3.393897,0.000713,2.828573,0.017737,,,2.021258
50,clustered,34,3.397988,0.000272,3.244050,0.010614,,,2.169847
50,clustered,35,3.175435,0.000282,2.478536,0.022338,,,1.675668
50,clustered,36,2.158273,0.000294,1.936978,0.012052,,,1.449566
50,clustered,37,3.285635,0.000278,2.943509,0.011137,,,2.007768
50,clustered,38,3.539734,0.000302,3.266340,0.007104,,,2.251057
50,clustered,39,3.474620,0.000280,3.121160,0.011093,,,2.065175
50,clustered,40,2.828005,0.000287,2.412168,0.015304,,,1.625206
50,clustered,41,3.957416,0.000294,3.503924,0.010091,,,2.194686
50,clustered,42,2.853470,0.000285,2.390963,0.015395,,,1.723466
50,clustered,43,3.532974,0.000295,3.336717,0.009288,,,2.348008
50,clustered,44,4.031151,0.000291,3.362901,0.011319,,,2.188527
50,clustered,45,4.344306,0.000347,3.936503,0.008413,,,2.633696
50,clustered,46,4.248430,0.000282,3.931602,0.018010,,,2.486289
50,clustered,47,2.861753,0.000338,2.391947,0.012091,,,1.717705
50,clustered,48,3.769199,0.000295,3.598761,0.015353,,,2.254210
50,clustered,49,2.510687,0.000292,2.291206,0.007941,,,1.544922
100,random,0,9.240275,0.001040,8.431305,0.073693,,,6.487204
100,random,1,9.936915,0.001489,8.912749,0.255872,,,6.769500
100,random,2,9.280040,0.001667,8.377493,0.145074,,,6.587229
100,random,3,10.086265,0.001619,8.944432,0.092153,,,6.751342
100,random,4,9.338615,0.001185,8.760508,0.158514,,,6.802518
100,random,5,10.902052,0.001758,9.028492,0.114260,,,7.080908
100,random,6,9.130941,0.001357,8.698517,0.106709,,,6.804606
100,random,7,9.549145,0.001719,8.583247,0.121094,,,6.589702
100,random,8,9.645082,0.001689,8.700236,0.073720,,,6.937003
100,random,9,9.231604,0.001907,8.283597,0.081368,,,6.461366
100,random,10,9.568391,0.001612,8.692190,0.156930,,,6.607859
100,random,11,9.311451,0.001708,8.887214,0.147751,,,6.739381
100,random,12,9.705000,0.001109,8.766920,0.116187,,,7.033422
100,random,13,10.458833,0.001807,8.619541,0.072957,,,6.950389
100,random,14,8.798615,0.001325,8.767320,0.239451,,,6.740637
100,random,15,10.292637,0.001655,8.310725,0.087416,,,6.551463
100,random,16,8.951977,0.001958,8.328386,0.084875,,,6.432014
100,random,17,9.470528,0.001565,8.881405,0.084035,,,6.962999
100,random,18,9.370491,0.001712,8.471672,0.079143,,,6.509311
100,random,19,9.722392,0.001558,8.488678,0.119303,,,6.498292
100,random,20,9.718856,0.001073,8.384407,0.113067,,,6.766424
100,random,21,9.204399,0.001596,8.147131,0.121032,,,6.181797
100,random,22,9.604673,0.001354,8.665910,0.082715,,,6.823923
100,random,23,10.288636,0.001098,8.749105,0.069252,,,6.834492
100,random,24,10.168824,0.001558,8.952745,0.099381,,,7.022577
100,random,25,8.951023,0.001588,9.052891,0.055778,,,6.940948
100,random,26,9.264143,0.001194,8.593636,0.094274,,,6.662838
100,random,27,9.917457,0.001483,8.545835,0.082305,,,6.575180
100,random,28,9.365152,0.001832,8.788740,0.110749,,,6.805437
100,random,29,10.539611,0.001592,8.791976,0.103865,,,6.944784
100,random,30,9.534752,0.001060,8.918155,0.081145,,,6.737656
100,random,31,10.083053,0.001596,9.134771,0.158845,,,6.891695
100,random,32,8.983551,0.001261,8.757683,0.083475,,,6.616367
100,random,33,10.656353,0.001110,8.468012,0.077674,,,6.535390
100,random,34,11.021218,0.001422,8.874752,0.087680,,,6.828088
100,random,35,9.701672,0.001590,9.006346,0.067225,,,7.229308
100,random,36,9.988518,0.001107,8.472145,0.087744,,,6.767216
100,random,37,10.580425,0.001592,8.731974,0.095288,,,6.838415
100,random,38,9.951440,0.001726,8.750748,0.083347,,,6.774404
100,random,39,9.296697,0.001414,8.426464,0.042221,,,6.601251
100,random,40,9.523367,0.001276,8.432208,0.124983,,,6.550082
100,random,41,9.310668,0.001284,8.672596,0.058627,,,6.625086
100,random,42,9.146337,0.001077,8.937860,0.064326,,,6.914608
100,random,43,10.069461,0.001179,9.033544,0.065719,,,6.918550
100,random,44,9.438700,0.001118,8.810860,0.071261,,,6.759774
100,random,45,10.093083,0.001073,8.588163,0.065564,,,6.722061
100,random,46,9.001591,0.001089,8.608774,0.096967,,,6.515759
100,random,47,9.947434,0.001591,9.012893,0.111754,,,6.794080
100,random,48,8.503099,0.001090,8.242946,0.078724,,,6.360435
100,random,49,9.516284,0.001478,8.169306,0.074623,,,6.618644
100,clustered,0,3.970416,0.001766,3.800267,0.075936,,,2.830047
100,clustered,1,3.806942,0.001680,3.398364,0.065812,,,2.342026
100,clustered,2,3.845588,0.001111,3.301987,0.075408,,,2.480216
100,clustered,3,4.585169,0.001038,3.993171,0.053257,,,2.760719
100,clustered,4,4.838530,0.001063,4.136757,0.075666,,,2.758149
100,clustered,5,4.998887,0.001074,4.242395,0.088453,,,2.897609
100,clustered,6,3.587185,0.001100,3.256234,0.072882,,,2.374748
100,clustered,7,4.185947,0.001293,3.296871,0.074571,,,2.427784
100,clustered,8,4.474963,0.001079,4.127710,0.055903,,,2.891626
100,clustered,9,3.205777,0.001062,2.934497,0.094351,,,2.120353
100,clustered,10,2.667754,0.001029,2.322556,0.079266,,,1.774991
100,clustered,11,3.665542,0.001037,3.430580,0.075616,,,2.510471
100,clustered,12,4.525627,0.001063,4.045316,0.108879,,,2.779219
100,clustered,13,5.223214,0.001070,4.425917,0.068042,,,2.908829
100,clustered,14,4.220152,0.001405,3.916111,0.062564,,,2.633633
100,clustered,15,4.417505,0.001098,3.942813,0.050096,,,2.568108
100,clustered,16,4.686748,0.001070,4.237443,0.081741,,,2.816119
100,clustered,17,4.582530,0.001112,3.956859,0.082477,,,2.817309
100,clustered,18,3.313385,0.001053,3.030520,0.075147,,,2.170104
100,clustered,19,4.493366,0.001071,3.957643,0.045819,,,2.712194
100,clustered,20,4.970572,0.001022,4.349704,0.048634,,,3.037848
100,clustered,21,3.721717,0.001029,3.420061,0.088804,,,2.408784
100,clustered,22,4.178314,0.001052,3.848088,0.078604,,,2.836391
100,clustered,23,4.802335,0.001515,4.195735,0.054679,,,2.782034
100,clustered,24,4.615479,0.001034,4.211406,0.143377,,,2.750109
100,clustered,25,4.387358,0.001047,3.880253,0.053396,,,2.631886
100,clustered,26,4.691075,0.001044,4.199062,0.078944,,,2.964211
100,clustered,27,4.741429,0.001060,4.000096,0.038776,,,2.802295
100,clustered,28,4.113470,0.001070,3.711686,0.051907,,,2.652400
100,clustered,29,4.986215,0.001057,3.762482,0.069361,,,2.660188
100,clustered,30,4.500951,0.001054,3.878919,0.058496,,,2.680994
100,clustered,31,4.818822,0.001048,4.411875,0.042581,,,3.073485
100,clustered,32,3.810819,0.001058,3.177772,0.235354,,,2.327289
100,clustered,33,3.959879,0.001518,3.032370,0.078680,,,2.216006
100,clustered,34,3.330923,0.001066,3.100033,0.079829,,,2.159009
100,clustered,35,4.278374,0.001076,3.551069,0.087738,,,2.570934
100,clustered,36,4.223558,0.001095,3.297739,0.111177,,,2.394654
100,clustered,37,4.971316,0.001788,3.962985,0.118597,,,2.756788
100,clustered,38,4.709472,0.001064,4.501762,0.075338,,,3.141433
100,clustered,39,3.823332,0.001905,3.210952,0.060121,,,2.361104
100,clustered,40,4.581698,0.001089,3.825796,0.034960,,,2.542172
100,clustered,41,3.215379,0.001073,2.782068,0.100293,,,2.011127
100,clustered,42,2.948514,0.001046,2.540940,0.049544,,,1.786631
100,clustered,43,3.657456,0.001047,3.109012,0.079416,,,2.264369
100,clustered,44,4.536586,0.001328,4.135002,0.104587,,,2.718467
100,clustered,45,4.363033,0.001079,3.682818,0.047971,,,2.575074
100,clustered,46,3.423078,0.001073,3.069804,0.071217,,,2.220297
100,clustered,47,4.998675,0.001205,4.183041,0.054174,,,3.057675
100,clustered,48,3.749137,0.001229,3.260470,0.086439,,,2.303937
100,clustered,49,4.338036,0.001181,4.073777,0.086091,,,2.855564
200,random,0,13.217828,0.004860,12.090670,0.624659,,,9.346215
200,random,1,14.712305,0.004074,11.805055,0.367376,,,9.343027
200,random,2,13.676240,0.003919,12.279787,0.458178,,,9.621542
200,random,3,13.478114,0.003963,12.274667,0.541295,,,9.607101
200,random,4,13.612599,0.004116,12.034760,0.451997,,,9.599575
200,random,5,13.869410,0.003880,11.575643,0.616939,,,9.106605
200,random,6,13.064005,0.003982,12.137549,0.574754,,,9.764194
200,random,7,13.448926,0.003947,11.624370,0.359038,,,9.251148
200,random,8,13.699408,0.004001,12.529706,0.452539,,,9.715399
200,random,9,13.539796,0.003830,11.997900,0.385900,,,9.308800
200,random,10,13.298695,0.003878,11.544874,0.480287,,,9.331262
200,random,11,11.950269,0.003978,11.262263,0.451095,,,9.081010
200,random,12,12.690715,0.004111,11.960803,0.299717,,,9.646216
200,random,13,13.993529,0.003985,12.380479,0.681583,,,9.673953
200,random,14,13.718239,0.004436,11.772696,0.537524,,,9.432896
200,random,15,13.349142,0.004658,12.222166,0.551649,,,9.592454
200,random,16,13.163737,0.003989,11.681033,0.464567,,,9.308240
200,random,17,13.384705,0.004256,11.689234,0.303847,,,9.432469
200,random,18,12.922438,0.004061,12.393397,0.715596,,,9.597427
200,random,19,13.587677,0.004275,11.835417,0.524314,,,9.368343
200,random,20,12.411552,0.004491,11.640789,0.368754,,,8.924337
200,random,21,14.959910,0.004143,12.887747,0.819578,,,9.885340
200,random,22,13.009353,0.004227,11.669241,0.386213,,,9.333939
200,random,23,13.275753,0.004531,12.019084,0.570925,,,9.558362
200,random,24,12.694653,0.004411,11.631529,0.569592,,,9.165003
200,random,25,14.570027,0.005427,11.875385,0.713630,,,9.491689
200,random,26,12.901824,0.004543,11.735961,0.481143,,,9.284426
200,random,27,13.162339,0.004807,11.874022,0.698111,,,9.269424
200,random,28,14.150173,0.004082,12.155372,0.301259,,,9.740000
200,random,29,14.496847,0.003876,12.596763,0.652753,,,9.918172
200,random,30,13.741582,0.003995,12.164453,0.517919,,,9.594892
200,random,31,13.542731,0.003975,12.072294,0.434443,,,9.168253
200,random,32,14.569616,0.003902,12.098659,0.329884,,,9.568284
200,random,33,13.248647,0.003832,11.351512,0.291858,,,9.039874
200,random,34,13.732694,0.003923,12.282592,0.653937,,,9.692907
200,random,35,13.204749,0.004219,11.745721,0.459781,,,9.211333
200,random,36,13.928500,0.003840,12.466129,0.424338,,,9.695404
200,random,37,13.202227,0.003807,12.299515,0.320162,,,9.614874
200,random,38,13.069982,0.003814,12.258359,0.539339,,,9.584631
200,random,39,12.763660,0.003866,12.070181,0.360154,,,9.389430
200,random,40,13.546904,0.003806,12.411633,0.352692,,,9.787064
200,random,41,13.016350,0.003876,11.896297,0.464728,,,9.259651
200,random,42,13.070968,0.003905,11.507886,0.575205,,,9.026327
200,random,43,12.902147,0.003997,12.170696,0.613346,,,9.272092
200,random,44,13.389372,0.003845,11.923616,0.357040,,,9.478212
200,random,45,13.190468,0.003895,11.857983,0.448065,,,9.489690
200,random,46,14.227905,0.003872,12.001362,0.458931,,,9.696682
200,random,47,13.333074,0.003852,12.336181,0.391718,,,9.673526
200,random,48,13.044628,0.003904,12.004014,0.435536,,,9.309970
200,random,49,13.680263,0.003797,11.803648,0.356431,,,9.359989
200,clustered,0,4.515207,0.003744,3.896166,0.383807,,,2.895736
200,clustered,1,4.936593,0.003875,4.510915,0.504032,,,3.279432
200,clustered,2,5.472633,0.003800,4.716776,0.389586,,,3.461128
200,clustered,3,6.189189,0.003906,5.270386,0.488310,,,3.789798
200,clustered,4,5.788717,0.003775,5.422157,0.372231,,,3.819482
200,clustered,5,5.667874,0.003797,4.853742,0.417244,,,3.615883
200,clustered,6,6.071577,0.003797,5.417001,0.449477,,,3.851947
200,clustered,7,4.868885,0.003804,4.367569,0.416367,,,3.163519
200,clustered,8,5.121013,0.003846,4.641698,0.340859,,,3.316711
200,clustered,9,5.156566,0.003727,4.738512,0.367895,,,3.385095
200,clustered,10,6.212580,0.003898,5.064333,0.343137,,,3.619508
200,clustered,11,6.387520,0.003806,5.542072,0.664600,,,4.012261
200,clustered,12,6.637052,0.003840,5.675603,0.446223,,,3.991247
200,clustered,13,5.231558,0.004625,4.324464,0.511376,,,3.210784
200,clustered,14,5.928381,0.003875,5.461514,0.427114,,,3.779928
200,clustered,15,4.408869,0.003887,4.013686,0.344331,,,2.846227
200,clustered,16,5.803465,0.003841,5.058818,0.487078,,,3.657035
200,clustered,17,5.714593,0.003974,4.896565,0.458434,,,3.559239
200,clustered,18,6.275660,0.004042,5.420040,0.468718,,,3.786128
200,clustered,19,6.135792,0.005279,5.250223,0.526967,,,3.671870
200,clustered,20,5.843701,0.003926,5.353185,0.713487,,,3.936279
200,clustered,21,5.726500,0.004504,4.865559,0.356907,,,3.401708
200,clustered,22,5.781229,0.004029,5.140337,0.448032,,,3.654779
200,clustered,23,5.242566,0.003949,4.444129,0.403639,,,3.252725
200,clustered,24,5.070580,0.003827,4.511078,0.293586,,,3.249009
200,clustered,25,5.186525,0.003794,4.593020,0.413935,,,3.474239
200,clustered,26,6.422748,0.003849,5.718157,0.349381,,,3.871695
200,clustered,27,5.241572,0.003832,4.634046,0.438626,,,3.426703
200,clustered,28,6.165615,0.003833,5.380414,0.415727,,,3.853977
200,clustered,29,5.633460,0.003856,4.920227,0.387108,,,3.574332
200,clustered,30,5.079896,0.004173,4.479858,0.453810,,,3.319805
200,clustered,31,5.193459,0.003782,4.916973,0.571035,,,3.563144
200,clustered,32,5.420637,0.003852,4.984299,0.338759,,,3.419553
200,clustered,33,5.742311,0.003856,5.051024,0.372673,,,3.750635
200,clustered,34,5.627531,0.003932,5.111666,0.361861,,,3.610481
200,clustered,35,4.670487,0.003749,4.113573,0.383366,,,2.947839
200,clustered,36,6.171633,0.004641,5.212365,0.401846,,,3.816042
200,clustered,37,4.487561,0.003882,4.041867,0.491896,,,3.061546
200,clustered,38,5.737258,0.003848,5.212480,0.381113,,,3.672536
200,clustered,39,5.738466,0.003811,4.648425,0.349051,,,3.417411
200,clustered,40,5.148590,0.003834,4.212756,0.397453,,,3.198209
200,clustered,41,5.440920,0.003835,4.991079,0.419471,,,3.637853
200,clustered,42,6.229056,0.003803,5.103895,0.425269,,,3.536883
200,clustered,43,5.838246,0.003798,5.179139,0.536264,,,3.777216
200,clustered,44,4.397087,0.003842,4.067210,0.493747,,,2.946465
200,clustered,45,6.037718,0.003836,5.064652,0.448938,,,3.658021
200,clustered,46,5.534369,0.003837,5.151087,0.275747,,,3.589618
200,clustered,47,4.659471,0.003805,4.061955,0.295104,,,3.050994
200,clustered,48,6.504254,0.003755,5.480778,0.451135,,,4.006403
200,clustered,49,4.827813,0.003855,4.098734,0.502624,,,3.102615
